ligne,station,ordre,correspondance
RER A 1,Cergy le Haut,1,
RER A 1,Cergy Saint-Christophe,2,
RER A 1,Cergy Préfecture,3,
RER A 1,Neuville Université,4,
RER A 1,Conflans Fin d’Oise,5,
RER A 1,Achères Ville,6,
RER A 1,Maisons Laffitte,7,
RER A 1,Sartrouville,8,
RER A 1,Houilles Carrières sur Seine,9,
RER A 1,Nanterre – Préfecture,10,
RER A 1,La Défense Grande Arche,11,METRO 1
RER A 1,Charles de Gaulle – Étoile,12,"METRO 1, METRO 2, METRO 6"
RER A 1,Auber,13,"METRO 3, METRO 7, METRO 8, METRO 9, RER E"
RER A 1,Châtelet – Les Halles,14,"METRO 1, METRO 4, METRO 7, METRO 11, METRO 14, RER B, RER D"
RER A 1,Paris-Gare de Lyon,15,"METRO 1, METRO 14, RER D"
RER A 1,Nation,16,"METRO 1, METRO 2, METRO 6, METRO 9"
RER A 1,Vincennes,17,
RER A 1,Fontenay sous Bois,18,
RER A 1,Nogent sur Marne,19,
RER A 1,Joinville le Pont,20,
RER A 1,Saint-Maur – Créteil,21,
RER A 1,Le Parc de Saint-Maur,22,
RER A 1,Champigny,23,
RER A 1,La varenne Chennevières,24,
RER A 1,Sucy Bonneuil,25,
RER A 1,Boissy Saint Léger,26,
RER A 2,Poissy,1,
RER A 2,Achères Grand Cormier,2,
RER A 2,Maisons Laffitte,3,
RER A 2,Sartrouville,4,
RER A 2,Houilles Carrières sur Seine,5,
RER A 2,Nanterre – Préfecture,6,
RER A 2,La Défense Grande Arche,7,METRO 1
RER A 2,Charles de Gaulle – Étoile,8,"METRO 1, METRO 2, METRO 6"
RER A 2,Auber,9,"METRO 3, METRO 7, METRO 8, METRO 9, RER E"
RER A 2,Châtelet – Les Halles,10,"METRO 1, METRO 4, METRO 7, METRO 11, METRO 14, RER B, RER D"
RER A 2,Paris-Gare de Lyon,11,"METRO 1, METRO 14, RER D"
RER A 2,Nation,12,"METRO 1, METRO 2, METRO 6, METRO 9"
RER A 2,Vincennes,13,
RER A 2,Fontenay sous Bois,14,
RER A 2,Nogent sur Marne,15,
RER A 2,Joinville le Pont,16,
RER A 2,Saint-Maur – Créteil,17,
RER A 2,Le Parc de Saint-Maur,18,
RER A 2,Champigny,19,
RER A 2,La varenne Chennevières,20,
RER A 2,Sucy Bonneuil,21,
RER A 2,Boissy Saint Léger,22,
RER A 3,Saint Germain en Laye,1,
RER A 3,Le Vésinet – Le Pecq,2,
RER A 3,Le Vésinet – Centre,3,
RER A 3,Chatou-Croissy,4,
RER A 3,Rueil Malmaison,5,
RER A 3,Nanterre Ville,6,
RER A 3,Nanterre Université,7,
RER A 3,Nanterre – Préfecture,8,
RER A 3,La Défense Grande Arche,9,METRO 1
RER A 3,Charles de Gaulle – Étoile,10,"METRO 1, METRO 2, METRO 6"
RER A 3,Auber,11,"METRO 3, METRO 7, METRO 8, METRO 9, RER E"
RER A 3,Châtelet – Les Halles,12,"METRO 1, METRO 4, METRO 7, METRO 11, METRO 14, RER B, RER D"
RER A 3,Paris-Gare de Lyon,13,"METRO 1, METRO 14, RER D"
RER A 3,Nation,14,"METRO 1, METRO 2, METRO 6, METRO 9"
RER A 3,Vincennes,15,
RER A 3,Fontenay sous Bois,16,
RER A 3,Nogent sur Marne,17,
RER A 3,Joinville le Pont,18,
RER A 3,Saint-Maur – Créteil,19,
RER A 3,Le Parc de Saint-Maur,20,
RER A 3,Champigny,21,
RER A 3,La varenne Chennevières,22,
RER A 3,Sucy Bonneuil,23,
RER A 3,Boissy Saint Léger,24,
RER A 4,Cergy le Haut,1,
RER A 4,Cergy Saint-Christophe,2,
RER A 4,Cergy Préfecture,3,
RER A 4,Neuville Université,4,
RER A 4,Conflans Fin d’Oise,5,
RER A 4,Achères Ville,6,
RER A 4,Maisons Laffitte,7,
RER A 4,Sartrouville,8,
RER A 4,Houilles Carrières sur Seine,9,
RER A 4,Nanterre – Préfecture,10,
RER A 4,La Défense Grande Arche,11,METRO 1
RER A 4,Charles de Gaulle – Étoile,12,"METRO 1, METRO 2, METRO 6"
RER A 4,Auber,13,"METRO 3, METRO 7, METRO 8, METRO 9, RER E"
RER A 4,Châtelet – Les Halles,14,"METRO 1, METRO 4, METRO 7, METRO 11, METRO 14, RER B, RER D"
RER A 4,Paris-Gare de Lyon,15,"METRO 1, METRO 14, RER D"
RER A 4,Nation,16,"METRO 1, METRO 2, METRO 6, METRO 9"
RER A 4,Vincennes,17,
RER A 4,Val de Fontenay,18,RER E
RER A 4,Neuilly Plaisance,19,
RER A 4,Bry sur Marne,20,
RER A 4,Noisy le Grand Mont d’Est,21,
RER A 4,Noisy Champs,22,
RER A 4,Noisiel,23,
RER A 4,Lognes,24,
RER A 4,Torcy,25,
RER A 4,Bussy Saint-Georges,26,
RER A 4,Serris-Montévrain – Val d’Europe,27,
RER A 4,Marne la Vallée Chessy – Parc Disneyland,28,
RER A 5,Poissy,1,
RER A 5,Achères Grand Cormier,2,
RER A 5,Maisons Laffitte,3,
RER A 5,Sartrouville,4,
RER A 5,Houilles Carrières sur Seine,5,
RER A 5,Nanterre – Préfecture,6,
RER A 5,La Défense Grande Arche,7,METRO 1
RER A 5,Charles de Gaulle – Étoile,8,"METRO 1, METRO 2, METRO 6"
RER A 5,Auber,9,"METRO 3, METRO 7, METRO 8, METRO 9, RER E"
RER A 5,Châtelet – Les Halles,10,"METRO 1, METRO 4, METRO 7, METRO 11, METRO 14, RER B, RER D"
RER A 5,Paris-Gare de Lyon,11,"METRO 1, METRO 14, RER D"
RER A 5,Nation,12,"METRO 1, METRO 2, METRO 6, METRO 9"
RER A 5,Vincennes,13,
RER A 5,Val de Fontenay,14,RER E
RER A 5,Neuilly Plaisance,15,
RER A 5,Bry sur Marne,16,
RER A 5,Noisy le Grand Mont d’Est,17,
RER A 5,Noisy Champs,18,
RER A 5,Noisiel,19,
RER A 5,Lognes,20,
RER A 5,Torcy,21,
RER A 5,Bussy Saint-Georges,22,
RER A 5,Serris-Montévrain – Val d’Europe,23,
RER A 5,Marne la Vallée Chessy – Parc Disneyland,24,
RER A 6,Saint Germain en Laye,1,
RER A 6,Le Vésinet – Le Pecq,2,
RER A 6,Le Vésinet – Centre,3,
RER A 6,Chatou-Croissy,4,
RER A 6,Rueil Malmaison,5,
RER A 6,Nanterre Ville,6,
RER A 6,Nanterre Université,7,
RER A 6,Nanterre – Préfecture,8,
RER A 6,La Défense Grande Arche,9,METRO 1
RER A 6,Charles de Gaulle – Étoile,10,"METRO 1, METRO 2, METRO 6"
RER A 6,Auber,11,"METRO 3, METRO 7, METRO 8, METRO 9, RER E"
RER A 6,Châtelet – Les Halles,12,"METRO 1, METRO 4, METRO 7, METRO 11, METRO 14, RER B, RER D"
RER A 6,Paris-Gare de Lyon,13,"METRO 1, METRO 14, RER D"
RER A 6,Nation,14,"METRO 1, METRO 2, METRO 6, METRO 9"
RER A 6,Vincennes,15,
RER A 6,Val de Fontenay,16,RER E
RER A 6,Neuilly Plaisance,17,
RER A 6,Bry sur Marne,18,
RER A 6,Noisy le Grand Mont d’Est,19,
RER A 6,Noisy Champs,20,
RER A 6,Noisiel,21,
RER A 6,Lognes,22,
RER A 6,Torcy,23,
RER A 6,Bussy Saint-Georges,24,
RER A 6,Serris-Montévrain – Val d’Europe,25,
RER A 6,Marne la Vallée Chessy – Parc Disneyland,26,
RER B 1,Aéroport Charles de Gaulle 2 TGV,1,
RER B 1,Aéroport Charles de Gaulle 1,2,
RER B 1,Parc des expositions,3,
RER B 1,Villepinte,4,
RER B 1,Sevran Beaudottes,5,
RER B 1,Aulnay sous Bois,6,
RER B 1,Le Blanc Mesnil,7,
RER B 1,Drancy,8,
RER B 1,Le Bourget,9,
RER B 1,La Courneuve Aubervilliers,10,
RER B 1,La Plaine – Stade de France – Saint Denis – Aubervilliers,11,
RER B 1,Paris Nord,12,"RER D, RER E, METRO 2, METRO 4, METRO 5"
RER B 1,Châtelet – Les Halles,13,"RER A, RER D, METRO 1, METRO 4, METRO 7, METRO 11, METRO 14"
RER B 1,Saint-Michel Notre Dame,14,"RER C, METRO 10"
RER B 1,Luxembourg Sénat,15,
RER B 1,Port Royal,16,
RER B 1,Denfert Rochereau – Colonel Rol-Tanguy,17,"METRO 4, METRO 6"
RER B 1,Cité Universitaire,18,
RER B 1,Gentilly,19,
RER B 1,Laplace – Maison des Examens,20,
RER B 1,Arcueil Cachan,21,
RER B 1,Bagneux,22,
RER B 1,Bourg la Reine,23,
RER B 1,Sceaux,24,
RER B 1,Fontenay aux Roses,25,
RER B 1,Robinson,26,
RER B 2,Mitry Claye,1,
RER B 2,Villeparisis Mitry le Neuf,2,
RER B 2,Vert Galant,3,
RER B 2,Sevran Livry,4,
RER B 2,Aulnay sous Bois,5,
RER B 2,Le Blanc Mesnil,6,
RER B 2,Drancy,7,
RER B 2,Le Bourget,8,
RER B 2,La Courneuve Aubervilliers,9,
RER B 2,La Plaine – Stade de France – Saint Denis – Aubervilliers,10,
RER B 2,Paris Nord,11,"RER D, RER E, METRO 2, METRO 4, METRO 5"
RER B 2,Châtelet – Les Halles,12,"RER A, RER D, METRO 1, METRO 4, METRO 7, METRO 11, METRO 14"
RER B 2,Saint-Michel Notre Dame,13,"RER C, METRO 10"
RER B 2,Luxembourg Sénat,14,
RER B 2,Port Royal,15,
RER B 2,Denfert Rochereau – Colonel Rol-Tanguy,16,"METRO 4, METRO 6"
RER B 2,Cité Universitaire,17,
RER B 2,Gentilly,18,
RER B 2,Laplace – Maison des Examens,19,
RER B 2,Arcueil Cachan,20,
RER B 2,Bagneux,21,
RER B 2,Bourg la Reine,22,
RER B 2,Sceaux,23,
RER B 2,Fontenay aux Roses,24,
RER B 2,Robinson,25,
RER B 3,Aéroport Charles de Gaulle 2 TGV,1,
RER B 3,Aéroport Charles de Gaulle 1,2,
RER B 3,Parc des expositions,3,
RER B 3,Villepinte,4,
RER B 3,Sevran Beaudottes,5,
RER B 3,Aulnay sous Bois,6,
RER B 3,Le Blanc Mesnil,7,
RER B 3,Drancy,8,
RER B 3,Le Bourget,9,
RER B 3,La Courneuve Aubervilliers,10,
RER B 3,La Plaine – Stade de France – Saint Denis – Aubervilliers,11,
RER B 3,Paris Nord,12,"RER D, RER E, METRO 2, METRO 4, METRO 5"
RER B 3,Châtelet – Les Halles,13,"RER A, RER D, METRO 1, METRO 4, METRO 7, METRO 11, METRO 14"
RER B 3,Saint-Michel Notre Dame,14,"RER C, METRO 10"
RER B 3,Luxembourg Sénat,15,
RER B 3,Port Royal,16,
RER B 3,Denfert Rochereau – Colonel Rol-Tanguy,17,"METRO 4, METRO 6"
RER B 3,Cité Universitaire,18,
RER B 3,Gentilly,19,
RER B 3,Laplace – Maison des Examens,20,
RER B 3,Arcueil Cachan,21,
RER B 3,Bagneux,22,
RER B 3,Bourg la Reine,23,
RER B 3,Parc de Sceaux,24,
RER B 3,La Croix de Berny,25,
RER B 3,Antony – Orly,26,
RER B 3,Fontaine Michalon,27,
RER B 3,Les Baconnets,28,
RER B 3,Massy Verrières,29,RER C
RER B 3,Massy Palaiseau,30,RER C
RER B 3,Palaiseau,31,
RER B 3,Palaiseau Villebon,32,
RER B 3,Lozère École Polytechnique,33,
RER B 3,Le Guichet,34,
RER B 3,Orsay Ville,35,
RER B 3,Bures sur Yvette,36,
RER B 3,La Hacquinière,37,
RER B 3,Gif sur Yvette,38,
RER B 3,Courcelle sur Yvette,39,
RER B 3,Saint-Rémy lès Chevreuse,40,
RER B 4,Mitry Claye,1,
RER B 4,Villeparisis Mitry le Neuf,2,
RER B 4,Vert Galant,3,
RER B 4,Sevran Livry,4,
RER B 4,Aulnay sous Bois,5,
RER B 4,Le Blanc Mesnil,6,
RER B 4,Drancy,7,
RER B 4,Le Bourget,8,
RER B 4,La Courneuve Aubervilliers,9,
RER B 4,La Plaine – Stade de France – Saint Denis – Aubervilliers,10,
RER B 4,Paris Nord,11,"RER D, RER E, METRO 2, METRO 4, METRO 5"
RER B 4,Châtelet – Les Halles,12,"RER A, RER D, METRO 1, METRO 4, METRO 7, METRO 11, METRO 14"
RER B 4,Saint-Michel Notre Dame,13,"RER C, METRO 10"
RER B 4,Luxembourg Sénat,14,
RER B 4,Port Royal,15,
RER B 4,Denfert Rochereau – Colonel Rol-Tanguy,16,"METRO 4, METRO 6"
RER B 4,Cité Universitaire,17,
RER B 4,Gentilly,18,
RER B 4,Laplace – Maison des Examens,19,
RER B 4,Arcueil Cachan,20,
RER B 4,Bagneux,21,
RER B 4,Bourg la Reine,22,
RER B 4,Parc de Sceaux,23,
RER B 4,La Croix de Berny,24,
RER B 4,Antony – Orly,25,
RER B 4,Fontaine Michalon,26,
RER B 4,Les Baconnets,27,
RER B 4,Massy Verrières,28,RER C
RER B 4,Massy Palaiseau,29,RER C
RER B 4,Palaiseau,30,
RER B 4,Palaiseau Villebon,31,
RER B 4,Lozère École Polytechnique,32,
RER B 4,Le Guichet,33,
RER B 4,Orsay Ville,34,
RER B 4,Bures sur Yvette,35,
RER B 4,La Hacquinière,36,
RER B 4,Gif sur Yvette,37,
RER B 4,Courcelle sur Yvette,38,
RER B 4,Saint-Rémy lès Chevreuse,39,
RER C 1,Pontoise,1,
RER C 1,Saint-Ouen l’Aumône,2,
RER C 1,Saint-Ouen l’Aumône Liesse,3,
RER C 1,Pierrelaye,4,
RER C 1,Montigny Beauchamp,5,
RER C 1,Franconville Le Plessis-Bouchard,6,
RER C 1,Cernay,7,
RER C 1,Ermont Eaubonne,8,
RER C 1,Saint-Gratien,9,
RER C 1,Épinay-sur-Seine,10,
RER C 1,Gennevilliers,11,
RER C 1,Les Grésillons,12,
RER C 1,Saint-Ouen,13,METRO 14
RER C 1,Porte de Clichy – Tribunal de Paris,14,"METRO 13, METRO 14"
RER C 1,Péreire Levallois,15,METRO 3
RER C 1,Neuilly Porte Maillot – Palais des congrès,16,METRO 1
RER C 1,Avenue Foch,17,METRO 2
RER C 1,Avenue Henri Martin,18,METRO 9
RER C 1,Boulainvilliers,19,METRO 9
RER C 1,Avenue du Président Kennedy – Maison de Radio France,20,
RER C 1,Champ de Mars – Tour Eiffel,21,METRO 6
RER C 1,Pont de l’Alma,22,METRO 9
RER C 1,Invalides,23,"METRO 8, METRO 13"
RER C 1,Musée d’Orsay,24,METRO 12
RER C 1,Saint-Michel Notre Dame,25,"RER B, METRO 4, METRO 10"
RER C 1,Paris Austerlitz,26,"METRO 5, METRO 10"
RER C 1,Bibliothèque François Mitterrand,27,METRO 14
RER C 1,Ivry sur Seine,28,METRO 7
RER C 1,Vitry sur Seine,29,
RER C 1,Les Ardoines,30,
RER C 1,Choisy le Roi,31,
RER C 1,Les Saules,32,
RER C 1,Orly Ville,33,
RER C 1,Pont de Rungis – Aéroport d’Orly,34,METRO 14
RER C 1,Rungis La Fraternelle,35,
RER C 1,Chemin d’Antony,36,
RER C 1,Massy Verrières,37,RER B
RER C 1,Massy Palaiseau,38,RER B
RER C 2,Pontoise,1,
RER C 2,Saint-Ouen l’Aumône,2,
RER C 2,Saint-Ouen l’Aumône Liesse,3,
RER C 2,Pierrelaye,4,
RER C 2,Montigny Beauchamp,5,
RER C 2,Franconville Le Plessis-Bouchard,6,
RER C 2,Cernay,7,
RER C 2,Ermont Eaubonne,8,
RER C 2,Saint-Gratien,9,
RER C 2,Épinay-sur-Seine,10,
RER C 2,Gennevilliers,11,
RER C 2,Les Grésillons,12,
RER C 2,Saint-Ouen,13,METRO 14
RER C 2,Porte de Clichy – Tribunal de Paris,14,"METRO 13, METRO 14"
RER C 2,Péreire Levallois,15,METRO 3
RER C 2,Neuilly Porte Maillot – Palais des congrès,16,METRO 1
RER C 2,Avenue Foch,17,METRO 2
RER C 2,Avenue Henri Martin,18,METRO 9
RER C 2,Boulainvilliers,19,METRO 9
RER C 2,Avenue du Président Kennedy – Maison de Radio France,20,
RER C 2,Champ de Mars – Tour Eiffel,21,METRO 6
RER C 2,Pont de l’Alma,22,METRO 9
RER C 2,Invalides,23,"METRO 8, METRO 13"
RER C 2,Musée d’Orsay,24,METRO 12
RER C 2,Saint-Michel Notre Dame,25,"RER B, METRO 4, METRO 10"
RER C 2,Paris Austerlitz,26,"METRO 5, METRO 10"
RER C 2,Bibliothèque François Mitterrand,27,METRO 14
RER C 2,Ivry sur Seine,28,METRO 7
RER C 2,Vitry sur Seine,29,
RER C 2,Les Ardoines,30,
RER C 2,Choisy le Roi,31,
RER C 2,Les Saules,32,
RER C 2,Orly Ville,33,
RER C 2,Pont de Rungis – Aéroport d’Orly,34,METRO 14
RER C 2,Rungis La Fraternelle,35,
RER C 2,Chemin d’Antony,36,
RER C 2,Massy Verrières,37,RER B
RER C 2,Massy Palaiseau,38,RER B
RER C 2,Savigny sur Orge,39,
RER C 2,Épinay sur Orge,40,
RER C 2,Sainte-Geneviève des Bois,41,
RER C 2,Saint-Michel sur Orge,42,
RER C 2,Brétigny,43,
RER C 2,Marolles en Hurepoix,44,
RER C 2,Bouray,45,
RER C 2,Lardy,46,
RER C 2,Chamarande,47,
RER C 2,Étréchy,48,
RER C 2,Étampes,49,
RER C 2,Saint Martin d’Étampes,50,
RER C 3,Pontoise,1,
RER C 3,Saint-Ouen l’Aumône,2,
RER C 3,Saint-Ouen l’Aumône Liesse,3,
RER C 3,Pierrelaye,4,
RER C 3,Montigny Beauchamp,5,
RER C 3,Franconville Le Plessis-Bouchard,6,
RER C 3,Cernay,7,
RER C 3,Ermont Eaubonne,8,
RER C 3,Saint-Gratien,9,
RER C 3,Épinay-sur-Seine,10,
RER C 3,Gennevilliers,11,
RER C 3,Les Grésillons,12,
RER C 3,Saint-Ouen,13,METRO 14
RER C 3,Porte de Clichy – Tribunal de Paris,14,"METRO 13, METRO 14"
RER C 3,Péreire Levallois,15,METRO 3
RER C 3,Neuilly Porte Maillot – Palais des congrès,16,METRO 1
RER C 3,Avenue Foch,17,METRO 2
RER C 3,Avenue Henri Martin,18,METRO 9
RER C 3,Boulainvilliers,19,METRO 9
RER C 3,Avenue du Président Kennedy – Maison de Radio France,20,
RER C 3,Champ de Mars – Tour Eiffel,21,METRO 6
RER C 3,Pont de l’Alma,22,METRO 9
RER C 3,Invalides,23,"METRO 8, METRO 13"
RER C 3,Musée d’Orsay,24,METRO 12
RER C 3,Saint-Michel Notre Dame,25,"RER B, METRO 4, METRO 10"
RER C 3,Paris Austerlitz,26,"METRO 5, METRO 10"
RER C 3,Bibliothèque François Mitterrand,27,METRO 14
RER C 3,Ivry sur Seine,28,METRO 7
RER C 3,Vitry sur Seine,29,
RER C 3,Les Ardoines,30,
RER C 3,Choisy le Roi,31,
RER C 3,Les Saules,32,
RER C 3,Orly Ville,33,
RER C 3,Pont de Rungis – Aéroport d’Orly,34,METRO 14
RER C 3,Rungis La Fraternelle,35,
RER C 3,Chemin d’Antony,36,
RER C 3,Massy Verrières,37,RER B
RER C 3,Massy Palaiseau,38,RER B
RER C 3,Brétigny,39,
RER C 3,La Norville – Saint-Germain lès Arpajon,40,
RER C 3,Arpajon,41,
RER C 3,Égly,42,
RER C 3,Breuillet – Bruyères le Châtel,43,
RER C 3,Breuillet Village,44,
RER C 3,Saint-Chéron,45,
RER C 3,Sermaise,46,
RER C 3,Dourdan,47,
RER C 3,Dourdan la Forêt,48,
RER C 4,Versailles Château Rive Gauche,1,
RER C 4,Porchefontaine,2,
RER C 4,Viroflay Rive Gauche,3,METRO 6
RER C 4,Chaville Vélizy,4,
RER C 4,Meudon Val Fleury,5,
RER C 4,Issy,6,
RER C 4,Issy Val de Seine,7,
RER C 4,Pont du Garigliano – Hôpital Européen Georges Pompidou,8,
RER C 4,Javel,9,METRO 10
RER C 4,Champ de Mars – Tour Eiffel,10,METRO 6
RER C 4,Pont de l’Alma,11,METRO 9
RER C 4,Invalides,12,"METRO 8, METRO 13"
RER C 4,Musée d’Orsay,13,METRO 12
RER C 4,Saint-Michel Notre Dame,14,"RER B, METRO 4, METRO 10"
RER C 4,Paris Austerlitz,15,"METRO 5, METRO 10"
RER C 4,Bibliothèque François Mitterrand,16,METRO 14
RER C 4,Ivry sur Seine,17,METRO 7
RER C 4,Vitry sur Seine,18,
RER C 4,Les Ardoines,19,
RER C 4,Choisy le Roi,20,
RER C 4,Les Saules,21,
RER C 4,Orly Ville,22,
RER C 4,Pont de Rungis – Aéroport d’Orly,23,METRO 14
RER C 4,Rungis La Fraternelle,24,
RER C 4,Chemin d’Antony,25,
RER C 4,Massy Verrières,26,RER B
RER C 4,Massy Palaiseau,27,RER B
RER C 5,Versailles Château Rive Gauche,1,
RER C 5,Porchefontaine,2,
RER C 5,Viroflay Rive Gauche,3,METRO 6
RER C 5,Chaville Vélizy,4,
RER C 5,Meudon Val Fleury,5,
RER C 5,Issy,6,
RER C 5,Issy Val de Seine,7,
RER C 5,Pont du Garigliano – Hôpital Européen Georges Pompidou,8,
RER C 5,Javel,9,METRO 10
RER C 5,Champ de Mars – Tour Eiffel,10,METRO 6
RER C 5,Pont de l’Alma,11,METRO 9
RER C 5,Invalides,12,"METRO 8, METRO 13"
RER C 5,Musée d’Orsay,13,METRO 12
RER C 5,Saint-Michel Notre Dame,14,"RER B, METRO 4, METRO 10"
RER C 5,Paris Austerlitz,15,"METRO 5, METRO 10"
RER C 5,Bibliothèque François Mitterrand,16,METRO 14
RER C 5,Ivry sur Seine,17,METRO 7
RER C 5,Vitry sur Seine,18,
RER C 5,Les Ardoines,19,
RER C 5,Choisy le Roi,20,
RER C 5,Les Saules,21,
RER C 5,Orly Ville,22,
RER C 5,Pont de Rungis – Aéroport d’Orly,23,METRO 14
RER C 5,Rungis La Fraternelle,24,
RER C 5,Chemin d’Antony,25,
RER C 5,Massy Verrières,26,RER B
RER C 5,Massy Palaiseau,27,RER B
RER C 5,Savigny sur Orge,28,
RER C 5,Épinay sur Orge,29,
RER C 5,Sainte-Geneviève des Bois,30,
RER C 5,Saint-Michel sur Orge,31,
RER C 5,Brétigny,32,
RER C 5,Marolles en Hurepoix,33,
RER C 5,Bouray,34,
RER C 5,Lardy,35,
RER C 5,Chamarande,36,
RER C 5,Étréchy,37,
RER C 5,Étampes,38,
RER C 5,Saint Martin d’Étampes,39,
RER C 6,Versailles Château Rive Gauche,1,
RER C 6,Porchefontaine,2,
RER C 6,Viroflay Rive Gauche,3,METRO 6
RER C 6,Chaville Vélizy,4,
RER C 6,Meudon Val Fleury,5,
RER C 6,Issy,6,
RER C 6,Issy Val de Seine,7,
RER C 6,Pont du Garigliano – Hôpital Européen Georges Pompidou,8,
RER C 6,Javel,9,METRO 10
RER C 6,Champ de Mars – Tour Eiffel,10,METRO 6
RER C 6,Pont de l’Alma,11,METRO 9
RER C 6,Invalides,12,"METRO 8, METRO 13"
RER C 6,Musée d’Orsay,13,METRO 12
RER C 6,Saint-Michel Notre Dame,14,"RER B, METRO 4, METRO 10"
RER C 6,Paris Austerlitz,15,"METRO 5, METRO 10"
RER C 6,Bibliothèque François Mitterrand,16,METRO 14
RER C 6,Ivry sur Seine,17,METRO 7
RER C 6,Vitry sur Seine,18,
RER C 6,Les Ardoines,19,
RER C 6,Choisy le Roi,20,
RER C 6,Les Saules,21,
RER C 6,Orly Ville,22,
RER C 6,Pont de Rungis – Aéroport d’Orly,23,METRO 14
RER C 6,Rungis La Fraternelle,24,
RER C 6,Chemin d’Antony,25,
RER C 6,Massy Verrières,26,RER B
RER C 6,Massy Palaiseau,27,RER B
RER C 6,Brétigny,28,
RER C 6,La Norville – Saint-Germain lès Arpajon,29,
RER C 6,Arpajon,30,
RER C 6,Égly,31,
RER C 6,Breuillet – Bruyères le Châtel,32,
RER C 6,Breuillet Village,33,
RER C 6,Saint-Chéron,34,
RER C 6,Sermaise,35,
RER C 6,Dourdan,36,
RER C 6,Dourdan la Forêt,37,
RER C 7,Saint Quentin en Yvelines,1,
RER C 7,Saint-Cyr,2,
RER C 7,Versailles Chantiers,3,
RER C 7,Viroflay Rive Gauche,4,METRO 6
RER C 7,Chaville Vélizy,5,
RER C 7,Meudon Val Fleury,6,
RER C 7,Issy,7,
RER C 7,Issy Val de Seine,8,
RER C 7,Pont du Garigliano – Hôpital Européen Georges Pompidou,9,
RER C 7,Javel,10,METRO 10
RER C 7,Champ de Mars – Tour Eiffel,11,METRO 6
RER C 7,Pont de l’Alma,12,METRO 9
RER C 7,Invalides,13,"METRO 8, METRO 13"
RER C 7,Musée d’Orsay,14,METRO 12
RER C 7,Saint-Michel Notre Dame,15,"RER B, METRO 4, METRO 10"
RER C 7,Paris Austerlitz,16,"METRO 5, METRO 10"
RER C 7,Bibliothèque François Mitterrand,17,METRO 14
RER C 7,Ivry sur Seine,18,METRO 7
RER C 7,Vitry sur Seine,19,
RER C 7,Les Ardoines,20,
RER C 7,Choisy le Roi,21,
RER C 7,Les Saules,22,
RER C 7,Orly Ville,23,
RER C 7,Pont de Rungis – Aéroport d’Orly,24,METRO 14
RER C 7,Rungis La Fraternelle,25,
RER C 7,Chemin d’Antony,26,
RER C 7,Massy Verrières,27,RER B
RER C 7,Massy Palaiseau,28,RER B
RER C 8,Saint Quentin en Yvelines,1,
RER C 8,Saint-Cyr,2,
RER C 8,Versailles Chantiers,3,
RER C 8,Viroflay Rive Gauche,4,METRO 6
RER C 8,Chaville Vélizy,5,
RER C 8,Meudon Val Fleury,6,
RER C 8,Issy,7,
RER C 8,Issy Val de Seine,8,
RER C 8,Pont du Garigliano – Hôpital Européen Georges Pompidou,9,
RER C 8,Javel,10,METRO 10
RER C 8,Champ de Mars – Tour Eiffel,11,METRO 6
RER C 8,Pont de l’Alma,12,METRO 9
RER C 8,Invalides,13,"METRO 8, METRO 13"
RER C 8,Musée d’Orsay,14,METRO 12
RER C 8,Saint-Michel Notre Dame,15,"RER B, METRO 4, METRO 10"
RER C 8,Paris Austerlitz,16,"METRO 5, METRO 10"
RER C 8,Bibliothèque François Mitterrand,17,METRO 14
RER C 8,Ivry sur Seine,18,METRO 7
RER C 8,Vitry sur Seine,19,
RER C 8,Les Ardoines,20,
RER C 8,Choisy le Roi,21,
RER C 8,Les Saules,22,
RER C 8,Orly Ville,23,
RER C 8,Pont de Rungis – Aéroport d’Orly,24,METRO 14
RER C 8,Rungis La Fraternelle,25,
RER C 8,Chemin d’Antony,26,
RER C 8,Massy Verrières,27,RER B
RER C 8,Massy Palaiseau,28,RER B
RER C 8,Savigny sur Orge,29,
RER C 8,Épinay sur Orge,30,
RER C 8,Sainte-Geneviève des Bois,31,
RER C 8,Saint-Michel sur Orge,32,
RER C 8,Brétigny,33,
RER C 8,Marolles en Hurepoix,34,
RER C 8,Bouray,35,
RER C 8,Lardy,36,
RER C 8,Chamarande,37,
RER C 8,Étréchy,38,
RER C 8,Étampes,39,
RER C 8,Saint Martin d’Étampes,40,
RER C 9,Saint Quentin en Yvelines,1,
RER C 9,Saint-Cyr,2,
RER C 9,Versailles Chantiers,3,
RER C 9,Viroflay Rive Gauche,4,METRO 6
RER C 9,Chaville Vélizy,5,
RER C 9,Meudon Val Fleury,6,
RER C 9,Issy,7,
RER C 9,Issy Val de Seine,8,
RER C 9,Pont du Garigliano – Hôpital Européen Georges Pompidou,9,
RER C 9,Javel,10,METRO 10
RER C 9,Champ de Mars – Tour Eiffel,11,METRO 6
RER C 9,Pont de l’Alma,12,METRO 9
RER C 9,Invalides,13,"METRO 8, METRO 13"
RER C 9,Musée d’Orsay,14,METRO 12
RER C 9,Saint-Michel Notre Dame,15,"RER B, METRO 4, METRO 10"
RER C 9,Paris Austerlitz,16,"METRO 5, METRO 10"
RER C 9,Bibliothèque François Mitterrand,17,METRO 14
RER C 9,Ivry sur Seine,18,METRO 7
RER C 9,Vitry sur Seine,19,
RER C 9,Les Ardoines,20,
RER C 9,Choisy le Roi,21,
RER C 9,Les Saules,22,
RER C 9,Orly Ville,23,
RER C 9,Pont de Rungis – Aéroport d’Orly,24,METRO 14
RER C 9,Rungis La Fraternelle,25,
RER C 9,Chemin d’Antony,26,
RER C 9,Massy Verrières,27,RER B
RER C 9,Massy Palaiseau,28,RER B
RER C 9,Brétigny,29,
RER C 9,La Norville – Saint-Germain lès Arpajon,30,
RER C 9,Arpajon,31,
RER C 9,Égly,32,
RER C 9,Breuillet – Bruyères le Châtel,33,
RER C 9,Breuillet Village,34,
RER C 9,Saint-Chéron,35,
RER C 9,Sermaise,36,
RER C 9,Dourdan,37,
RER C 9,Dourdan la Forêt,38,
RER D 1,Creil,1,
RER D 1,Ormoy-Villers,2,
RER D 1,Montataire,3,
RER D 1,Cramoisy,4,
RER D 1,Pont-Sainte-Maxence,5,
RER D 1,Rieux,6,
RER D 1,Villiers-le-Sec,7,
RER D 1,Verneuil-en-Halatte,8,
RER D 1,Clermont,9,
RER D 1,Saint-Leu-d'Esserent,10,
RER D 1,Boran-sur-Oise,11,
RER D 1,Pontpoint,12,
RER D 1,Montsoult-Maffliers,13,
RER D 1,Enghien-les-Bains,14,
RER D 1,Montmorency,15,
RER D 1,Eaubonne,16,
RER D 1,Saint-Gratien,17,
RER D 1,Le Bourget,18,RER B
RER D 1,Drancy,19,RER B
RER D 1,Gagny,20,
RER D 1,Noisy-le-Sec,21,
RER D 1,Rosny-sous-Bois,22,
RER D 1,Val-de-Fontenay,23,RER A
RER D 1,Nogent-sur-Marne,24,METRO 1
RER D 1,Joinville-le-Pont,25,
RER D 1,Créteil-Pompadour,26,
RER D 1,Créteil-Pompadour,27,
RER D 1,Maisons-Alfort - Alfortville,28,
RER D 1,Maisons-Alfort,29,RER A
RER D 1,Villeneuve-Saint-Georges,30,RER A
RER D 1,Vigneux-sur-Seine,31,
RER D 1,Montgeron,32,
RER D 1,Yerres,33,
RER D 1,Combs-la-Ville,34,
RER D 1,Lieusaint,35,
RER D 1,Melun,36,
RER D 2,Creil,1,
RER D 2,Ormoy-Villers,2,
RER D 2,Montataire,3,
RER D 2,Cramoisy,4,
RER D 2,Pont-Sainte-Maxence,5,
RER D 2,Rieux,6,
RER D 2,Villiers-le-Sec,7,
RER D 2,Verneuil-en-Halatte,8,
RER D 2,Clermont,9,
RER D 2,Saint-Leu-d'Esserent,10,
RER D 2,Boran-sur-Oise,11,
RER D 2,Pontpoint,12,
RER D 2,Montsoult-Maffliers,13,
RER D 2,Enghien-les-Bains,14,
RER D 2,Montmorency,15,
RER D 2,Eaubonne,16,
RER D 2,Saint-Gratien,17,
RER D 2,Le Bourget,18,RER B
RER D 2,Drancy,19,RER B
RER D 2,Gagny,20,
RER D 2,Noisy-le-Sec,21,
RER D 2,Rosny-sous-Bois,22,
RER D 2,Val-de-Fontenay,23,RER A
RER D 2,Nogent-sur-Marne,24,METRO 1
RER D 2,Joinville-le-Pont,25,
RER D 2,Créteil-Pompadour,26,
RER D 2,Créteil-Pompadour,27,
RER D 2,Corbeil-Essonnes,28,
RER D 2,Ris-Orangis,29,
RER D 2,Melun,30,
RER D 3,Creil,1,
RER D 3,Ormoy-Villers,2,
RER D 3,Montataire,3,
RER D 3,Cramoisy,4,
RER D 3,Pont-Sainte-Maxence,5,
RER D 3,Rieux,6,
RER D 3,Villiers-le-Sec,7,
RER D 3,Verneuil-en-Halatte,8,
RER D 3,Clermont,9,
RER D 3,Saint-Leu-d'Esserent,10,
RER D 3,Boran-sur-Oise,11,
RER D 3,Pontpoint,12,
RER D 3,Montsoult-Maffliers,13,
RER D 3,Enghien-les-Bains,14,
RER D 3,Montmorency,15,
RER D 3,Eaubonne,16,
RER D 3,Saint-Gratien,17,
RER D 3,Le Bourget,18,RER B
RER D 3,Drancy,19,RER B
RER D 3,Gagny,20,
RER D 3,Noisy-le-Sec,21,
RER D 3,Rosny-sous-Bois,22,
RER D 3,Val-de-Fontenay,23,RER A
RER D 3,Nogent-sur-Marne,24,METRO 1
RER D 3,Joinville-le-Pont,25,
RER D 3,Créteil-Pompadour,26,
RER D 3,Créteil-Pompadour,27,
RER D 3,Corbeil-Essonnes,28,
RER D 3,Évry-Courcouronnes,29,
RER D 3,Melun,30,
RER D 4,Creil,1,
RER D 4,Ormoy-Villers,2,
RER D 4,Montataire,3,
RER D 4,Cramoisy,4,
RER D 4,Pont-Sainte-Maxence,5,
RER D 4,Rieux,6,
RER D 4,Villiers-le-Sec,7,
RER D 4,Verneuil-en-Halatte,8,
RER D 4,Clermont,9,
RER D 4,Saint-Leu-d'Esserent,10,
RER D 4,Boran-sur-Oise,11,
RER D 4,Pontpoint,12,
RER D 4,Montsoult-Maffliers,13,
RER D 4,Enghien-les-Bains,14,
RER D 4,Montmorency,15,
RER D 4,Eaubonne,16,
RER D 4,Saint-Gratien,17,
RER D 4,Le Bourget,18,RER B
RER D 4,Drancy,19,RER B
RER D 4,Gagny,20,
RER D 4,Noisy-le-Sec,21,
RER D 4,Rosny-sous-Bois,22,
RER D 4,Val-de-Fontenay,23,RER A
RER D 4,Nogent-sur-Marne,24,METRO 1
RER D 4,Joinville-le-Pont,25,
RER D 4,Créteil-Pompadour,26,
RER D 4,Créteil-Pompadour,27,
RER D 4,Corbeil-Essonnes,28,
RER D 4,Ris-Orangis,29,
RER D 4,Malesherbes,30,
RER D 5,Creil,1,
RER D 5,Ormoy-Villers,2,
RER D 5,Montataire,3,
RER D 5,Cramoisy,4,
RER D 5,Pont-Sainte-Maxence,5,
RER D 5,Rieux,6,
RER D 5,Villiers-le-Sec,7,
RER D 5,Verneuil-en-Halatte,8,
RER D 5,Clermont,9,
RER D 5,Saint-Leu-d'Esserent,10,
RER D 5,Boran-sur-Oise,11,
RER D 5,Pontpoint,12,
RER D 5,Montsoult-Maffliers,13,
RER D 5,Enghien-les-Bains,14,
RER D 5,Montmorency,15,
RER D 5,Eaubonne,16,
RER D 5,Saint-Gratien,17,
RER D 5,Le Bourget,18,RER B
RER D 5,Drancy,19,RER B
RER D 5,Gagny,20,
RER D 5,Noisy-le-Sec,21,
RER D 5,Rosny-sous-Bois,22,
RER D 5,Val-de-Fontenay,23,RER A
RER D 5,Nogent-sur-Marne,24,METRO 1
RER D 5,Joinville-le-Pont,25,
RER D 5,Créteil-Pompadour,26,
RER D 5,Créteil-Pompadour,27,
RER D 5,Corbeil-Essonnes,28,
RER D 5,Évry-Courcouronnes,29,
RER D 5,Malesherbes,30,
RER E 1,Haussmann – Saint-Lazare,1,
RER E 1,Magenta,2,
RER E 1,Gare du Nord,3,"RER B, RER D, METRO 4, METRO 5, METRO 2, METRO 4, METRO 5"
RER E 1,Pantin,4,
RER E 1,Noisy-le-Sec,5,RER B
RER E 1,Rosny-Bois-Perrier,6,
RER E 1,Neuilly-Plaisance,7,
RER E 1,Villiers-sur-Marne,8,
RER E 1,Tremblay-en-France,9,
RER E 1,Lagny – Thorigny,10,
RER E 1,Esbly,11,
RER E 1,Meaux,12,
RER E 1,Tournan,13,
RER E 2,Haussmann – Saint-Lazare,1,
RER E 2,Magenta,2,
RER E 2,Gare du Nord,3,"RER B, RER D, METRO 4, METRO 5, METRO 2, METRO 4, METRO 5"
RER E 2,Pantin,4,
RER E 2,Noisy-le-Sec,5,RER B
RER E 2,Bondy,6,
RER E 2,Gagny,7,
RER E 2,Le Raincy – Villemomble – Montfermeil,8,
RER E 2,Chelles – Gournay,9,
METRO 1,La Défense – Grande Arche,1,
METRO 1,Esplanade de La Défense,2,
METRO 1,Pont de Neuilly,3,
METRO 1,Les Sablons,4,
METRO 1,Porte Maillot,5,"RER C, METRO 1"
METRO 1,Charles de Gaulle – Étoile,6,"RER A, METRO 1, METRO 2, METRO 6"
METRO 1,George V,7,
METRO 1,Franklin D. Roosevelt,8,"METRO 9, METRO 1"
METRO 1,Champs-Élysées – Clemenceau,9,
METRO 1,Concorde,10,"METRO 8, METRO 12, METRO 1"
METRO 1,Tuileries,11,
METRO 1,Palais Royal – Musée du Louvre,12,"METRO 7, METRO 14, RER A"
METRO 1,Louvre – Rivoli,13,
METRO 1,Châtelet,14,"RER A, RER B, RER D, METRO 1, METRO 4, METRO 7, METRO 11, METRO 14"
METRO 1,Hôtel de Ville,15,"METRO 1, METRO 11"
METRO 1,Saint-Paul,16,
METRO 1,Bastille,17,"METRO 5, METRO 8, METRO 1"
METRO 1,Reuilly – Diderot,18,"METRO 8, METRO 1"
METRO 1,Nation,19,"RER A, METRO 2, METRO 6, METRO 9, METRO 1"
METRO 1,Porte de Vincennes,20,
METRO 1,Saint-Mandé,21,
METRO 1,Bérault,22,
METRO 1,Château de Vincennes,23,
METRO 2,Porte Dauphine,1,
METRO 2,Victor Hugo,2,
METRO 2,Charles de Gaulle – Étoile,3,"RER A, METRO 1, METRO 2, METRO 6"
METRO 2,Ternes,4,
METRO 2,Courcelles,5,
METRO 2,Monceau,6,
METRO 2,Villiers,7,
METRO 2,Rome,8,
METRO 2,Place de Clichy,9,"METRO 13, METRO 2"
METRO 2,Blanche,10,
METRO 2,Pigalle,11,"METRO 12, METRO 2"
METRO 2,Anvers,12,
METRO 2,Barbès – Rochechouart,13,"METRO 4, METRO 2"
METRO 2,La Chapelle,14,
METRO 2,Stalingrad,15,"METRO 7, METRO 2, METRO 5"
METRO 2,Jaurès,16,"METRO 5, METRO 7BIS, METRO 2"
METRO 2,Colonel Fabien,17,
METRO 2,Belleville,18,"METRO 11, METRO 2"
METRO 2,Couronnes,19,
METRO 2,Ménilmontant,20,
METRO 2,Père Lachaise,21,"METRO 3BIS, METRO 2"
METRO 2,Avron,22,
METRO 2,Nation,23,"RER A, METRO 1, METRO 2, METRO 6, METRO 9"
METRO 3,Pont de Levallois – Bécon,1,
METRO 3,Anatole France,2,
METRO 3,Louise Michel,3,
METRO 3,Porte de Champerret,4,
METRO 3,Villiers,5,
METRO 3,Europe,6,
METRO 3,Saint-Lazare,7,"METRO 3, METRO 12, METRO 13, RER E"
METRO 3,Havre – Caumartin,8,"METRO 3, METRO 9"
METRO 3,Opéra,9,"METRO 3, METRO 7, METRO 8"
METRO 3,Quatre-Septembre,10,
METRO 3,Bourse,11,
METRO 3,Sentier,12,
METRO 3,Réaumur – Sébastopol,13,"METRO 4, METRO 3"
METRO 3,Arts et Métiers,14,"METRO 3, METRO 11"
METRO 3,Temple,15,
METRO 3,Filles du Calvaire,16,
METRO 3,Saint-Sébastien – Froissart,17,
METRO 3,Chemin Vert,18,
METRO 3,Saint-Ambroise,19,
METRO 3,Père Lachaise,20,"METRO 2, METRO 3BIS"
METRO 3,Gambetta,21,
METRO 3,Porte de Bagnolet,22,
METRO 3,Gallieni,23,
METRO 3BIS,Gambetta,1,
METRO 3BIS,Pelleport,2,
METRO 3BIS,Saint-Fargeau,3,
METRO 3BIS,Porte des Lilas,4,"METRO 3, METRO 11"
METRO 4,Porte de Clignancourt,1,
METRO 4,Marcadet – Poissonniers,2,
METRO 4,Simplon,3,
METRO 4,Château Rouge,4,
METRO 4,Barbès – Rochechouart,5,"METRO 2, METRO 4"
METRO 4,Gare du Nord,6,"RER B, RER D, METRO 4, METRO 5"
METRO 4,Château d’Eau,7,
METRO 4,Strasbourg – Saint-Denis,8,"METRO 8, METRO 9, METRO 4, METRO 11"
METRO 4,Réaumur – Sébastopol,9,"METRO 3, METRO 4"
METRO 4,Étienne Marcel,10,
METRO 4,Les Halles,11,"RER A, RER B, METRO 1, METRO 4"
METRO 4,Châtelet,12,"RER A, RER B, RER D, METRO 1, METRO 4, METRO 7, METRO 11, METRO 14"
METRO 4,Cité,13,
METRO 4,Saint-Michel,14,"RER B, METRO 10, METRO 4"
METRO 4,Odéon,15,"METRO 10, METRO 4"
METRO 4,Saint-Germain-des-Prés,16,
METRO 4,Mabillon,17,
METRO 4,Saint-Sulpice,18,
METRO 4,Montparnasse – Bienvenüe,19,"METRO 6, METRO 12, METRO 13, METRO 4"
METRO 4,Raspail,20,"METRO 6, METRO 12, METRO 4"
METRO 4,Denfert-Rochereau,21,"METRO 6, METRO 4, RER B"
METRO 4,Mouton-Duvernet,22,
METRO 4,Alésia,23,
METRO 4,Porte d’Orléans,24,
METRO 4,Mairie de Montrouge,25,
METRO 4,Bagneux – Lucie Aubrac,26,
METRO 5,Bobigny – Pablo Picasso,1,
METRO 5,Bobigny – Pantin – Raymond Queneau,2,
METRO 5,Église de Pantin,3,
METRO 5,Hoche,4,
METRO 5,Porte de Pantin,5,
METRO 5,Ourcq,6,
METRO 5,Laumière,7,
METRO 5,Jaurès,8,"METRO 2, METRO 7, METRO 7BIS, METRO 5"
METRO 5,Stalingrad,9,"METRO 2, METRO 5, METRO 7"
METRO 5,Bassin de la Villette,10,
METRO 5,Jacques Bonsergent,11,
METRO 5,République,12,"METRO 3, METRO 5, METRO 8, METRO 9, METRO 11"
METRO 5,Oberkampf,13,
METRO 5,Richard-Lenoir,14,
METRO 5,Saint-Ambroise,15,
METRO 5,Bastille,16,"METRO 1, METRO 5, METRO 8"
METRO 5,Quai de la Rapée,17,
METRO 5,Gare d'Austerlitz,18,"METRO 5, RER C"
METRO 5,Saint-Marcel,19,
METRO 5,Campo-Formio,20,
METRO 5,Place d'Italie,21,"METRO 5, METRO 6, METRO 7"
METRO 6,Charles de Gaulle – Étoile,1,"METRO 1, METRO 2, METRO 6"
METRO 6,Kléber,2,
METRO 6,Trocadéro,3,"METRO 9, METRO 6"
METRO 6,Passy,4,
METRO 6,Bir-Hakeim,5,METRO 6
METRO 6,Dupleix,6,
METRO 6,La Motte-Picquet – Grenelle,7,"METRO 8, METRO 10, METRO 6"
METRO 6,École Militaire,8,
METRO 6,Cambronne,9,
METRO 6,Sèvres – Lecourbe,10,
METRO 6,Montparnasse – Bienvenüe,11,"METRO 4, METRO 12, METRO 13, METRO 6"
METRO 6,Edgar Quinet,12,
METRO 6,Raspail,13,"METRO 4, METRO 12, METRO 6"
METRO 6,Denfert-Rochereau,14,"METRO 4, RER B, METRO 6"
METRO 6,Saint-Jacques,15,
METRO 6,Glacière,16,
METRO 6,Corvisart,17,
METRO 6,Place d'Italie,18,"METRO 5, METRO 7"
METRO 6,Nationale,19,
METRO 6,Chevaleret,20,
METRO 6,Quai de la Gare,21,
METRO 6,Bercy,22,
METRO 6,Dugommier,23,
METRO 6,Daumesnil,24,"METRO 8, METRO 6"
METRO 6,Bel-Air,25,
METRO 6,Picpus,26,
METRO 6,Nation,27,"RER A, METRO 1, METRO 2, METRO 6, METRO 9"
METRO 7 1,La Courneuve – 8 Mai 1945,1,
METRO 7 1,Fort d’Aubervilliers,2,
METRO 7 1,Aubervilliers – Pantin – Quatre Chemins,3,
METRO 7 1,Porte de la Villette,4,
METRO 7 1,Corentin Cariou,5,
METRO 7 1,Crimée,6,
METRO 7 1,Riquet,7,
METRO 7 1,Stalingrad,8,"METRO 2, METRO 5"
METRO 7 1,Louis Blanc,9,METRO 7BIS
METRO 7 1,Château-Landon,10,
METRO 7 1,Gare de l’Est,11,"METRO 4, METRO 5, RER E"
METRO 7 1,Poissonnière,12,
METRO 7 1,Cadet,13,
METRO 7 1,Le Peletier,14,
METRO 7 1,Chaussée d’Antin – La Fayette,15,METRO 9
METRO 7 1,Opéra,16,"METRO 3, METRO 8, RER A"
METRO 7 1,Pyramides,17,METRO 14
METRO 7 1,Palais Royal – Musée du Louvre,18,METRO 1
METRO 7 1,Pont Neuf,19,
METRO 7 1,Châtelet,20,"METRO 1, METRO 4, METRO 11, METRO 14, RER A, RER B, RER D"
METRO 7 1,Pont Marie,21,
METRO 7 1,Sully – Morland,22,
METRO 7 1,Jussieu,23,METRO 10
METRO 7 1,Place Monge,24,
METRO 7 1,Censier – Daubenton,25,
METRO 7 1,Les Gobelins,26,
METRO 7 1,Place d’Italie,27,"METRO 5, METRO 6"
METRO 7 1,Tolbiac,28,
METRO 7 1,Maison Blanche,29,
METRO 7 1,Porte d’Italie,30,
METRO 7 1,Porte de Choisy,31,
METRO 7 1,Porte d’Ivry,32,
METRO 7 1,Pierre et Marie Curie,33,
METRO 7 1,Mairie d’Ivry,34,
METRO 7 2,La Courneuve – 8 Mai 1945,1,
METRO 7 2,Fort d’Aubervilliers,2,
METRO 7 2,Aubervilliers – Pantin – Quatre Chemins,3,
METRO 7 2,Porte de la Villette,4,
METRO 7 2,Corentin Cariou,5,
METRO 7 2,Crimée,6,
METRO 7 2,Riquet,7,
METRO 7 2,Stalingrad,8,"METRO 2, METRO 5"
METRO 7 2,Louis Blanc,9,METRO 7BIS
METRO 7 2,Château-Landon,10,
METRO 7 2,Gare de l’Est,11,"METRO 4, METRO 5, RER E"
METRO 7 2,Poissonnière,12,
METRO 7 2,Cadet,13,
METRO 7 2,Le Peletier,14,
METRO 7 2,Chaussée d’Antin – La Fayette,15,METRO 9
METRO 7 2,Opéra,16,"METRO 3, METRO 8, RER A"
METRO 7 2,Pyramides,17,METRO 14
METRO 7 2,Palais Royal – Musée du Louvre,18,METRO 1
METRO 7 2,Pont Neuf,19,
METRO 7 2,Châtelet,20,"METRO 1, METRO 4, METRO 11, METRO 14, RER A, RER B, RER D"
METRO 7 2,Pont Marie,21,
METRO 7 2,Sully – Morland,22,
METRO 7 2,Jussieu,23,METRO 10
METRO 7 2,Place Monge,24,
METRO 7 2,Censier – Daubenton,25,
METRO 7 2,Les Gobelins,26,
METRO 7 2,Place d’Italie,27,"METRO 5, METRO 6"
METRO 7 2,Tolbiac,28,
METRO 7 2,Maison Blanche,29,
METRO 7 2,Porte d’Italie,30,
METRO 7 2,Porte de Choisy,31,
METRO 7 2,Porte d’Ivry,32,
METRO 7 2,Pierre et Marie Curie,33,
METRO 7 2,Mairie d’Ivry,34,
METRO 7 2,Le Kremlin – Bicêtre,35,
METRO 7 2,Villejuif – Léo Lagrange,36,
METRO 7 2,Villejuif – Paul Vaillant – Couturier,37,
METRO 7 2,Villejuif – Louis Aragon,38,
METRO 8,Balard,1,
METRO 8,Lourmel,2,
METRO 8,Boulogne – Jean Jaurès,3,
METRO 8,Porte d’Auteuil,4,
METRO 8,Michel-Ange – Molitor,5,METRO 9
METRO 8,Michel-Ange – Auteuil,6,METRO 10
METRO 8,Javel,7,METRO 10
METRO 8,Église d’Auteuil,8,
METRO 8,Charles Michels,9,
METRO 8,La Motte-Picquet – Grenelle,10,"METRO 6, METRO 10, METRO 8"
METRO 8,École Militaire,11,
METRO 8,La Tour-Maubourg,12,
METRO 8,Invalides,13,"METRO 8, METRO 13"
METRO 8,Saint-François-Xavier,14,
METRO 8,Ségur,15,
METRO 8,Duroc,16,"METRO 10, METRO 13"
METRO 8,Vaneau,17,
METRO 8,Saint-Placide,18,
METRO 8,Sèvres – Babylone,19,"METRO 10, METRO 12"
METRO 8,Rennes,20,
METRO 8,Saint-Germain-des-Prés,21,
METRO 8,Odéon,22,"METRO 4, METRO 10"
METRO 8,Cluny – La Sorbonne,23,
METRO 8,Maubert – Mutualité,24,
METRO 8,Jussieu,25,"METRO 7, METRO 10"
METRO 8,Sulpher – Morland,26,
METRO 8,Place Monge,27,
METRO 8,Censier – Daubenton,28,
METRO 8,Les Gobelins,29,
METRO 8,Place d’Italie,30,"METRO 5, METRO 6"
METRO 8,Tolbiac,31,
METRO 8,Maison Blanche,32,
METRO 8,Porte d’Italie,33,
METRO 9,Pont de Sèvres,1,
METRO 9,Billancourt,2,
METRO 9,Marcel Sembat,3,
METRO 9,Porte de Saint-Cloud,4,
METRO 9,Exelmans,5,
METRO 9,Michel-Ange – Molitor,6,METRO 6
METRO 9,Michel-Ange – Auteuil,7,METRO 10
METRO 9,Javel,8,METRO 10
METRO 9,Église d’Auteuil,9,
METRO 9,La Muette,10,
METRO 9,Rue de la Pompe,11,
METRO 9,Trocadéro,12,METRO 6
METRO 9,Iéna,13,
METRO 9,Alma – Marceau,14,
METRO 9,Franklin D. Roosevelt,15,"METRO 1, METRO 9"
METRO 9,Saint-Philippe du Roule,16,
METRO 9,Miromesnil,17,
METRO 9,Saint-Augustin,18,
METRO 9,Havre – Caumartin,19,"METRO 3, METRO 9"
METRO 9,Chaussée d’Antin – La Fayette,20,"METRO 3, METRO 9"
METRO 9,Richelieu – Drouot,21,
METRO 9,Grands Boulevards,22,
METRO 9,Bonne Nouvelle,23,
METRO 9,Strasbourg – Saint-Denis,24,"METRO 4, METRO 8, METRO 9, METRO 11"
METRO 9,République,25,"METRO 3, METRO 5, METRO 8, METRO 9, METRO 11"
METRO 9,Oberkampf,26,
METRO 9,Saint-Ambroise,27,
METRO 9,Rue Saint-Maur,28,
METRO 9,Saint-Maur,29,
METRO 9,Père Lachaise,30,"METRO 2, METRO 3BIS"
METRO 9,Buzenval,31,
METRO 9,Maraîchers,32,
METRO 9,Charonne,33,
METRO 9,Rue des Boulets,34,
METRO 9,Nation,35,"RER A, METRO 1, METRO 2, METRO 6, METRO 9"
METRO 10,Boulogne – Pont de Saint-Cloud,1,
METRO 10,Boulogne – Jean Jaurès,2,
METRO 10,Michel-Ange – Molitor,3,"METRO 6, METRO 9"
METRO 10,Chardon Lagache,4,
METRO 10,Église d'Auteuil,5,
METRO 10,Javel,6,METRO 8
METRO 10,Avenue Émile Zola,7,
METRO 10,Charles Michels,8,
METRO 10,École Militaire,9,
METRO 10,La Tour-Maubourg,10,
METRO 10,Invalides,11,"METRO 8, METRO 13"
METRO 10,Solférino,12,
METRO 10,Mabillon,13,
METRO 10,Odéon,14,"METRO 4, METRO 10"
METRO 10,Cluny – La Sorbonne,15,
METRO 10,Saint-Michel,16,"METRO 4, RER B, METRO 10"
METRO 10,Jussieu,17,"METRO 7, METRO 10"
METRO 10,Gare d'Austerlitz,18,METRO 5
METRO 10,Saint-Marcel,19,
METRO 10,Campo-Formio,20,
METRO 10,Place d'Italie,21,"METRO 5, METRO 6, METRO 7"
METRO 7BIS 1,Louis Blanc,1,METRO 7
METRO 7BIS 1,Jaurès,2,
METRO 7BIS 1,Bolivar,3,
METRO 7BIS 1,Buttes Chaumont,4,
METRO 7BIS 1,Botzaris,5,
METRO 7BIS 1,Danube,6,
METRO 7BIS 1,Pré-Saint-Gervais,7,METRO 7
METRO 7BIS 1,Louis Blanc,7,METRO 7
METRO 7BIS 1,Jaurès,6,
METRO 7BIS 1,Bolivar,5,
METRO 7BIS 1,Buttes Chaumont,4,
METRO 7BIS 1,Botzaris,3,
METRO 7BIS 1,Place des Fêtes,2,METRO 11
METRO 7BIS 1,Pré-Saint-Gervais,1,METRO 7
METRO 11,Châtelet,1,"METRO 1, METRO 4, METRO 7, METRO 14, RER A, RER B, RER D"
METRO 11,Hôtel de Ville,2,"METRO 1, METRO 11"
METRO 11,Rambuteau,3,
METRO 11,Arts et Métiers,4,"METRO 3, METRO 11"
METRO 11,République,5,"METRO 3, METRO 5, METRO 8, METRO 9, METRO 11"
METRO 11,Goncourt,6,
METRO 11,Belleville,7,"METRO 2, METRO 11"
METRO 11,Pyrenees,8,
METRO 11,Jourdain,9,
METRO 11,Télégraphe,10,
METRO 11,Porte des Lilas,11,
METRO 11,Mairie des Lilas,12,
METRO 11,Serge Gainsbourg,13,
METRO 11,Romainville – Carnot,14,
METRO 11,Montreuil – Hôpital,15,
METRO 11,Robespierre,16,
METRO 11,Croix de Chavaux,17,
METRO 11,Mairie de Montreuil,18,
METRO 11,Rosny-Bois-Perrier,19,
METRO 12,Mairie d'Aubervilliers,1,
METRO 12,Aimé Césaire,2,
METRO 12,Front Populaire,3,
METRO 12,Porte de la Chapelle,4,
METRO 12,Marcadet – Poissonniers,5,
METRO 12,Jules Joffrin,6,
METRO 12,Lamarck – Caulaincourt,7,
METRO 12,Abbesses,8,
METRO 12,Pigalle,9,"METRO 2, METRO 12"
METRO 12,Saint-Georges,10,
METRO 12,Notre-Dame-de-Lorette,11,
METRO 12,Trinité – d'Estienne d'Orves,12,
METRO 12,Saint-Lazare,13,"METRO 3, METRO 12, METRO 13, RER E"
METRO 12,Madeleine,14,"METRO 8, METRO 12, METRO 14"
METRO 12,Concorde,15,"METRO 1, METRO 8, METRO 12"
METRO 12,Assemblée Nationale,16,
METRO 12,Solférino,17,
METRO 12,Rue du Bac,18,
METRO 12,Sèvres – Babylone,19,"METRO 10, METRO 12"
METRO 12,Rennes,20,
METRO 12,Notre-Dame-des-Champs,21,
METRO 12,Montparnasse – Bienvenüe,22,"METRO 4, METRO 6, METRO 12, METRO 13"
METRO 12,Falguière,23,
METRO 12,Pasteur,24,
METRO 12,Volontaires,25,
METRO 12,Vaugirard,26,
METRO 12,Convention,27,
METRO 12,Plaisance,28,
METRO 12,Porte de Vanves,29,
METRO 12,Malakoff – Plateau de Vanves,30,
METRO 12,Malakoff – Rue Étienne Dolet,31,
METRO 12,Châtillon – Montrouge,32,
METRO 13 1,Saint-Denis Université,1,
METRO 13 1,Saint-Denis Porte de Paris,2,
METRO 13 1,Basilique de Saint-Denis,3,
METRO 13 1,Saint-Ouen,4,METRO 14
METRO 13 1,Mairie de Saint-Ouen,5,
METRO 13 1,Garibaldi,6,
METRO 13 1,Porte de Clignancourt,7,
METRO 13 1,Porte de Clichy,8,"METRO 13, METRO 14"
METRO 13 1,La Fourche,9,
METRO 13 1,Place de Clichy,10,"METRO 2, METRO 13"
METRO 13 1,Saint-Lazare,11,"METRO 3, METRO 12, METRO 13, RER E"
METRO 13 1,Miromesnil,12,"METRO 9, METRO 13"
METRO 13 1,Saint-François-Xavier,13,
METRO 13 1,Duroc,14,"METRO 10, METRO 13"
METRO 13 1,Montparnasse – Bienvenüe,15,"METRO 4, METRO 6, METRO 12, METRO 13"
METRO 13 1,Gaîté,16,
METRO 13 1,Pernety,17,
METRO 13 1,Plaisance,18,
METRO 13 1,Porte de Vanves,19,
METRO 13 1,Porte de Versailles,20,
METRO 13 1,Corentin Celton,21,
METRO 13 1,Mairie de Vanves,22,
METRO 13 1,Malakoff – Rue Étienne Dolet,23,
METRO 13 1,Bagneux,24,
METRO 13 1,Bagneux – Lucie Aubrac,25,
METRO 13 1,Fontenay-aux-Roses,26,
METRO 13 1,Châtillon – Montrouge,27,
METRO 13 2,Saint-Denis Université,1,
METRO 13 2,Saint-Denis Porte de Paris,2,
METRO 13 2,Basilique de Saint-Denis,3,
METRO 13 2,Saint-Ouen,4,METRO 14
METRO 13 2,Mairie de Saint-Ouen,5,
METRO 13 2,Garibaldi,6,
METRO 13 2,Porte de Clignancourt,7,
METRO 13 2,Porte de Clichy,8,"METRO 13, METRO 14"
METRO 13 2,La Fourche,9,
METRO 13 2,Place de Clichy,10,"METRO 2, METRO 13"
METRO 13 2,Saint-Lazare,11,"METRO 3, METRO 12, METRO 13, RER E"
METRO 13 2,Les Agnettes,12,
METRO 13 2,Gabriel Péri,13,
METRO 13 2,Asnières – Gennevilliers,14,
METRO 13 2,Les Courtilles,15,
METRO 14,Saint-Denis – Pleyel,1,
METRO 14,Mairie de Saint-Ouen,2,
METRO 14,Saint-Ouen,3,
METRO 14,Porte de Clichy,4,
METRO 14,Saint-Lazare,5,"METRO 3, METRO 12, METRO 13, RER E"
METRO 14,Madeleine,6,"METRO 8, METRO 12, METRO 14"
METRO 14,Pyramides,7,"METRO 7, METRO 14"
METRO 14,Châtelet,8,"METRO 1, METRO 4, METRO 7, METRO 11, METRO 14, RER A, RER B, RER D"
METRO 14,Gare de Lyon,9,"METRO 1, METRO 14, RER A, RER D"
METRO 14,Bercy,10,
METRO 14,Cour Saint-Émilion,11,
METRO 14,Bibliothèque François Mitterrand,12,METRO 14
METRO 14,Olympiades,13,
METRO 14,Maison Blanche,14,
METRO 14,Hôpital Bicêtre,15,
METRO 14,Villejuif – Gustave Roussy,16,
METRO 14,L'Haÿ-les-Roses,17,
METRO 14,Chevilly-Larue,18,
METRO 14,Thiais – Orly,19,
METRO 14,Aéroport d’Orly,20,RER C
